Any,Codi_Districte,Nom_Districte,Codi_Barri,Nom_Barri,AEB,Seccio_Censal,Valor
2024,1,Ciutat Vella,1,el Raval,1,1001,70
2024,1,Ciutat Vella,1,el Raval,1,1002,74
2024,1,Ciutat Vella,1,el Raval,2,1003,218
2024,1,Ciutat Vella,1,el Raval,2,1004,160
2024,1,Ciutat Vella,1,el Raval,3,1005,103
2024,1,Ciutat Vella,1,el Raval,3,1006,67
2024,1,Ciutat Vella,1,el Raval,3,1007,101
2024,1,Ciutat Vella,1,el Raval,4,1008,202
2024,1,Ciutat Vella,1,el Raval,4,1009,124
2024,1,Ciutat Vella,1,el Raval,4,1010,118
2024,1,Ciutat Vella,1,el Raval,5,1011,173
2024,1,Ciutat Vella,1,el Raval,5,1012,93
2024,1,Ciutat Vella,1,el Raval,5,1013,46
2024,1,Ciutat Vella,1,el Raval,6,1014,77
2024,1,Ciutat Vella,1,el Raval,6,1015,80
2024,1,Ciutat Vella,1,el Raval,6,1016,97
2024,1,Ciutat Vella,1,el Raval,6,1017,131
2024,1,Ciutat Vella,1,el Raval,7,1018,66
2024,1,Ciutat Vella,1,el Raval,7,1019,140
2024,1,Ciutat Vella,1,el Raval,7,1020,121
2024,1,Ciutat Vella,1,el Raval,8,1021,130
2024,1,Ciutat Vella,2,el Barri Gòtic,9,1022,113
2024,1,Ciutat Vella,2,el Barri Gòtic,9,1023,95
2024,1,Ciutat Vella,2,el Barri Gòtic,10,1025,74
2024,1,Ciutat Vella,2,el Barri Gòtic,10,1026,890
2024,1,Ciutat Vella,2,el Barri Gòtic,10,1027,126
2024,1,Ciutat Vella,2,el Barri Gòtic,11,1028,123
2024,1,Ciutat Vella,2,el Barri Gòtic,11,1029,97
2024,1,Ciutat Vella,2,el Barri Gòtic,12,1030,147
2024,1,Ciutat Vella,2,el Barri Gòtic,12,1031,122
2024,1,Ciutat Vella,3,la Barceloneta,13,1032,78
2024,1,Ciutat Vella,3,la Barceloneta,13,1033,68
2024,1,Ciutat Vella,3,la Barceloneta,13,1034,63
2024,1,Ciutat Vella,3,la Barceloneta,14,1035,74
2024,1,Ciutat Vella,3,la Barceloneta,14,1036,45
2024,1,Ciutat Vella,3,la Barceloneta,15,1037,65
2024,1,Ciutat Vella,3,la Barceloneta,15,1038,90
2024,1,Ciutat Vella,3,la Barceloneta,15,1039,60
2024,1,Ciutat Vella,3,la Barceloneta,15,1040,60
2024,1,Ciutat Vella,3,la Barceloneta,15,1041,87
2024,1,Ciutat Vella,3,la Barceloneta,15,1042,80
2024,1,Ciutat Vella,4,"Sant Pere, Santa Caterina i la Ribera",16,1043,72
2024,1,Ciutat Vella,4,"Sant Pere, Santa Caterina i la Ribera",16,1044,78
2024,1,Ciutat Vella,4,"Sant Pere, Santa Caterina i la Ribera",16,1045,121
2024,1,Ciutat Vella,4,"Sant Pere, Santa Caterina i la Ribera",16,1046,74
2024,1,Ciutat Vella,4,"Sant Pere, Santa Caterina i la Ribera",17,1047,90
2024,1,Ciutat Vella,4,"Sant Pere, Santa Caterina i la Ribera",17,1048,108
2024,1,Ciutat Vella,4,"Sant Pere, Santa Caterina i la Ribera",17,1049,64
2024,1,Ciutat Vella,4,"Sant Pere, Santa Caterina i la Ribera",18,1050,89
2024,1,Ciutat Vella,4,"Sant Pere, Santa Caterina i la Ribera",18,1051,97
2024,1,Ciutat Vella,4,"Sant Pere, Santa Caterina i la Ribera",18,1052,83
2024,1,Ciutat Vella,4,"Sant Pere, Santa Caterina i la Ribera",19,1053,76
2024,1,Ciutat Vella,4,"Sant Pere, Santa Caterina i la Ribera",19,1054,48
2024,1,Ciutat Vella,4,"Sant Pere, Santa Caterina i la Ribera",19,1055,48
2024,2,Eixample,5,el Fort Pienc,20,2001,48
2024,2,Eixample,5,el Fort Pienc,20,2002,508
2024,2,Eixample,5,el Fort Pienc,20,2003,34
2024,2,Eixample,5,el Fort Pienc,20,2004,62
2024,2,Eixample,5,el Fort Pienc,20,2005,96
2024,2,Eixample,5,el Fort Pienc,20,2006,60
2024,2,Eixample,5,el Fort Pienc,20,2007,43
2024,2,Eixample,5,el Fort Pienc,20,2008,66
2024,2,Eixample,5,el Fort Pienc,20,2009,72
2024,2,Eixample,5,el Fort Pienc,21,2010,58
2024,2,Eixample,5,el Fort Pienc,21,2011,50
2024,2,Eixample,5,el Fort Pienc,21,2012,86
2024,2,Eixample,5,el Fort Pienc,21,2013,51
2024,2,Eixample,5,el Fort Pienc,22,2014,71
2024,2,Eixample,5,el Fort Pienc,22,2015,65
2024,2,Eixample,5,el Fort Pienc,22,2016,76
2024,2,Eixample,5,el Fort Pienc,22,2017,83
2024,2,Eixample,5,el Fort Pienc,22,2018,66
2024,2,Eixample,5,el Fort Pienc,22,2019,86
2024,2,Eixample,5,el Fort Pienc,22,2020,76
2024,2,Eixample,6,la Sagrada Família,23,2021,65
2024,2,Eixample,6,la Sagrada Família,23,2022,49
2024,2,Eixample,6,la Sagrada Família,23,2023,32
2024,2,Eixample,6,la Sagrada Família,23,2024,63
2024,2,Eixample,6,la Sagrada Família,24,2025,47
2024,2,Eixample,6,la Sagrada Família,24,2026,98
2024,2,Eixample,6,la Sagrada Família,24,2027,82
2024,2,Eixample,6,la Sagrada Família,24,2028,92
2024,2,Eixample,6,la Sagrada Família,24,2029,51
2024,2,Eixample,6,la Sagrada Família,24,2030,61
2024,2,Eixample,6,la Sagrada Família,24,2031,26
2024,2,Eixample,6,la Sagrada Família,24,2032,48
2024,2,Eixample,6,la Sagrada Família,25,2033,54
2024,2,Eixample,6,la Sagrada Família,25,2034,65
2024,2,Eixample,6,la Sagrada Família,25,2035,74
2024,2,Eixample,6,la Sagrada Família,25,2036,37
2024,2,Eixample,6,la Sagrada Família,25,2037,39
2024,2,Eixample,6,la Sagrada Família,25,2038,42
2024,2,Eixample,6,la Sagrada Família,25,2039,90
2024,2,Eixample,6,la Sagrada Família,25,2040,79
2024,2,Eixample,6,la Sagrada Família,26,2041,58
2024,2,Eixample,6,la Sagrada Família,26,2042,76
2024,2,Eixample,6,la Sagrada Família,26,2043,56
2024,2,Eixample,6,la Sagrada Família,26,2044,72
2024,2,Eixample,6,la Sagrada Família,26,2045,39
2024,2,Eixample,6,la Sagrada Família,26,2046,82
2024,2,Eixample,6,la Sagrada Família,26,2047,95
2024,2,Eixample,6,la Sagrada Família,26,2048,85
2024,2,Eixample,6,la Sagrada Família,27,2049,75
2024,2,Eixample,6,la Sagrada Família,27,2050,84
2024,2,Eixample,6,la Sagrada Família,27,2051,70
2024,2,Eixample,6,la Sagrada Família,27,2052,78
2024,2,Eixample,6,la Sagrada Família,27,2053,94
2024,2,Eixample,6,la Sagrada Família,27,2054,80
2024,2,Eixample,7,la Dreta de l'Eixample,28,2055,83
2024,2,Eixample,7,la Dreta de l'Eixample,28,2056,57
2024,2,Eixample,7,la Dreta de l'Eixample,28,2057,50
2024,2,Eixample,7,la Dreta de l'Eixample,28,2058,42
2024,2,Eixample,7,la Dreta de l'Eixample,28,2059,73
2024,2,Eixample,7,la Dreta de l'Eixample,28,2060,57
2024,2,Eixample,7,la Dreta de l'Eixample,29,2061,57
2024,2,Eixample,7,la Dreta de l'Eixample,29,2062,63
2024,2,Eixample,7,la Dreta de l'Eixample,29,2063,61
2024,2,Eixample,7,la Dreta de l'Eixample,29,2064,51
2024,2,Eixample,7,la Dreta de l'Eixample,29,2065,59
2024,2,Eixample,7,la Dreta de l'Eixample,30,2066,63
2024,2,Eixample,7,la Dreta de l'Eixample,30,2067,59
2024,2,Eixample,7,la Dreta de l'Eixample,30,2068,66
2024,2,Eixample,7,la Dreta de l'Eixample,30,2069,54
2024,2,Eixample,7,la Dreta de l'Eixample,31,2070,36
2024,2,Eixample,7,la Dreta de l'Eixample,31,2071,60
2024,2,Eixample,7,la Dreta de l'Eixample,31,2072,46
2024,2,Eixample,7,la Dreta de l'Eixample,32,2073,44
2024,2,Eixample,7,la Dreta de l'Eixample,32,2074,54
2024,2,Eixample,7,la Dreta de l'Eixample,32,2075,32
2024,2,Eixample,7,la Dreta de l'Eixample,32,2076,47
2024,2,Eixample,7,la Dreta de l'Eixample,33,2077,100
2024,2,Eixample,7,la Dreta de l'Eixample,34,2078,39
2024,2,Eixample,7,la Dreta de l'Eixample,34,2079,68
2024,2,Eixample,7,la Dreta de l'Eixample,35,2080,44
2024,2,Eixample,7,la Dreta de l'Eixample,35,2081,90
2024,2,Eixample,7,la Dreta de l'Eixample,36,2082,35
2024,2,Eixample,7,la Dreta de l'Eixample,36,2083,92
2024,2,Eixample,8,l'Antiga Esquerra de l'Eixample,37,2084,90
2024,2,Eixample,8,l'Antiga Esquerra de l'Eixample,37,2085,62
2024,2,Eixample,8,l'Antiga Esquerra de l'Eixample,37,2086,54
2024,2,Eixample,8,l'Antiga Esquerra de l'Eixample,37,2087,44
2024,2,Eixample,8,l'Antiga Esquerra de l'Eixample,38,2088,59
2024,2,Eixample,8,l'Antiga Esquerra de l'Eixample,38,2089,78
2024,2,Eixample,8,l'Antiga Esquerra de l'Eixample,38,2090,64
2024,2,Eixample,8,l'Antiga Esquerra de l'Eixample,39,2091,221
2024,2,Eixample,8,l'Antiga Esquerra de l'Eixample,39,2092,101
2024,2,Eixample,8,l'Antiga Esquerra de l'Eixample,40,2093,77
2024,2,Eixample,8,l'Antiga Esquerra de l'Eixample,40,2094,74
2024,2,Eixample,8,l'Antiga Esquerra de l'Eixample,40,2095,69
2024,2,Eixample,8,l'Antiga Esquerra de l'Eixample,40,2096,66
2024,2,Eixample,8,l'Antiga Esquerra de l'Eixample,40,2097,44
2024,2,Eixample,8,l'Antiga Esquerra de l'Eixample,41,2098,70
2024,2,Eixample,8,l'Antiga Esquerra de l'Eixample,41,2099,66
2024,2,Eixample,8,l'Antiga Esquerra de l'Eixample,41,2100,58
2024,2,Eixample,8,l'Antiga Esquerra de l'Eixample,41,2101,88
2024,2,Eixample,8,l'Antiga Esquerra de l'Eixample,42,2102,35
2024,2,Eixample,8,l'Antiga Esquerra de l'Eixample,42,2103,59
2024,2,Eixample,8,l'Antiga Esquerra de l'Eixample,42,2104,37
2024,2,Eixample,8,l'Antiga Esquerra de l'Eixample,42,2105,97
2024,2,Eixample,8,l'Antiga Esquerra de l'Eixample,43,2106,42
2024,2,Eixample,8,l'Antiga Esquerra de l'Eixample,43,2107,47
2024,2,Eixample,8,l'Antiga Esquerra de l'Eixample,43,2108,82
2024,2,Eixample,8,l'Antiga Esquerra de l'Eixample,43,2109,81
2024,2,Eixample,9,la Nova Esquerra de l'Eixample,44,2110,85
2024,2,Eixample,9,la Nova Esquerra de l'Eixample,44,2111,78
2024,2,Eixample,9,la Nova Esquerra de l'Eixample,44,2112,40
2024,2,Eixample,9,la Nova Esquerra de l'Eixample,44,2113,95
2024,2,Eixample,9,la Nova Esquerra de l'Eixample,44,2114,61
2024,2,Eixample,9,la Nova Esquerra de l'Eixample,45,2115,47
2024,2,Eixample,9,la Nova Esquerra de l'Eixample,45,2116,27
2024,2,Eixample,9,la Nova Esquerra de l'Eixample,45,2117,44
2024,2,Eixample,9,la Nova Esquerra de l'Eixample,45,2118,37
2024,2,Eixample,9,la Nova Esquerra de l'Eixample,45,2119,40
2024,2,Eixample,9,la Nova Esquerra de l'Eixample,45,2120,62
2024,2,Eixample,9,la Nova Esquerra de l'Eixample,45,2121,45
2024,2,Eixample,9,la Nova Esquerra de l'Eixample,45,2122,29
2024,2,Eixample,9,la Nova Esquerra de l'Eixample,45,2123,48
2024,2,Eixample,9,la Nova Esquerra de l'Eixample,46,2124,35
2024,2,Eixample,9,la Nova Esquerra de l'Eixample,46,2125,68
2024,2,Eixample,9,la Nova Esquerra de l'Eixample,46,2126,59
2024,2,Eixample,9,la Nova Esquerra de l'Eixample,46,2127,68
2024,2,Eixample,9,la Nova Esquerra de l'Eixample,46,2128,63
2024,2,Eixample,9,la Nova Esquerra de l'Eixample,46,2129,68
2024,2,Eixample,9,la Nova Esquerra de l'Eixample,47,2130,23
2024,2,Eixample,9,la Nova Esquerra de l'Eixample,47,2131,60
2024,2,Eixample,9,la Nova Esquerra de l'Eixample,47,2132,46
2024,2,Eixample,9,la Nova Esquerra de l'Eixample,47,2133,19
2024,2,Eixample,9,la Nova Esquerra de l'Eixample,47,2134,53
2024,2,Eixample,9,la Nova Esquerra de l'Eixample,47,2135,105
2024,2,Eixample,9,la Nova Esquerra de l'Eixample,47,2136,35
2024,2,Eixample,9,la Nova Esquerra de l'Eixample,48,2137,85
2024,2,Eixample,9,la Nova Esquerra de l'Eixample,48,2138,67
2024,2,Eixample,9,la Nova Esquerra de l'Eixample,48,2139,80
2024,2,Eixample,9,la Nova Esquerra de l'Eixample,48,2140,76
2024,2,Eixample,9,la Nova Esquerra de l'Eixample,48,2141,58
2024,2,Eixample,9,la Nova Esquerra de l'Eixample,49,2142,92
2024,2,Eixample,9,la Nova Esquerra de l'Eixample,49,2143,76
2024,2,Eixample,9,la Nova Esquerra de l'Eixample,49,2144,64
2024,2,Eixample,9,la Nova Esquerra de l'Eixample,49,2145,63
2024,2,Eixample,9,la Nova Esquerra de l'Eixample,50,2146,37
2024,2,Eixample,9,la Nova Esquerra de l'Eixample,50,2147,91
2024,2,Eixample,9,la Nova Esquerra de l'Eixample,50,2148,81
2024,2,Eixample,9,la Nova Esquerra de l'Eixample,50,2149,84
2024,2,Eixample,10,Sant Antoni,51,2150,70
2024,2,Eixample,10,Sant Antoni,51,2151,54
2024,2,Eixample,10,Sant Antoni,51,2152,56
2024,2,Eixample,10,Sant Antoni,51,2153,51
2024,2,Eixample,10,Sant Antoni,51,2154,45
2024,2,Eixample,10,Sant Antoni,51,2155,52
2024,2,Eixample,10,Sant Antoni,51,2156,44
2024,2,Eixample,10,Sant Antoni,51,2157,51
2024,2,Eixample,10,Sant Antoni,52,2158,66
2024,2,Eixample,10,Sant Antoni,52,2159,83
2024,2,Eixample,10,Sant Antoni,52,2160,57
2024,2,Eixample,10,Sant Antoni,52,2161,53
2024,2,Eixample,10,Sant Antoni,52,2162,47
2024,2,Eixample,10,Sant Antoni,53,2163,102
2024,2,Eixample,10,Sant Antoni,53,2164,74
2024,2,Eixample,10,Sant Antoni,53,2165,73
2024,2,Eixample,10,Sant Antoni,54,2166,99
2024,2,Eixample,10,Sant Antoni,54,2167,79
2024,2,Eixample,10,Sant Antoni,54,2168,91
2024,2,Eixample,10,Sant Antoni,55,2169,70
2024,2,Eixample,10,Sant Antoni,55,2170,50
2024,2,Eixample,10,Sant Antoni,55,2171,67
2024,2,Eixample,10,Sant Antoni,55,2172,51
2024,2,Eixample,10,Sant Antoni,55,2173,60
2024,3,Sants-Montjuïc,11,el Poble-sec,56,3001,59
2024,3,Sants-Montjuïc,11,el Poble-sec,56,3002,88
2024,3,Sants-Montjuïc,11,el Poble-sec,56,3003,79
2024,3,Sants-Montjuïc,11,el Poble-sec,56,3004,88
2024,3,Sants-Montjuïc,11,el Poble-sec,56,3005,73
2024,3,Sants-Montjuïc,11,el Poble-sec,56,3006,66
2024,3,Sants-Montjuïc,11,el Poble-sec,56,3007,63
2024,3,Sants-Montjuïc,11,el Poble-sec,56,3008,62
2024,3,Sants-Montjuïc,11,el Poble-sec,56,3009,52
2024,3,Sants-Montjuïc,11,el Poble-sec,57,3010,102
2024,3,Sants-Montjuïc,11,el Poble-sec,57,3011,88
2024,3,Sants-Montjuïc,11,el Poble-sec,57,3012,104
2024,3,Sants-Montjuïc,11,el Poble-sec,57,3013,103
2024,3,Sants-Montjuïc,11,el Poble-sec,57,3014,77
2024,3,Sants-Montjuïc,11,el Poble-sec,57,3015,114
2024,3,Sants-Montjuïc,11,el Poble-sec,57,3016,76
2024,3,Sants-Montjuïc,11,el Poble-sec,57,3017,67
2024,3,Sants-Montjuïc,11,el Poble-sec,58,3018,77
2024,3,Sants-Montjuïc,11,el Poble-sec,58,3019,59
2024,3,Sants-Montjuïc,11,el Poble-sec,58,3020,37
2024,3,Sants-Montjuïc,11,el Poble-sec,58,3021,31
2024,3,Sants-Montjuïc,11,el Poble-sec,58,3022,47
2024,3,Sants-Montjuïc,11,el Poble-sec,59,3023,89
2024,3,Sants-Montjuïc,11,el Poble-sec,59,3024,88
2024,3,Sants-Montjuïc,12,la Marina del Prat Vermell,60,3025,106
2024,3,Sants-Montjuïc,13,la Marina de Port,61,3026,44
2024,3,Sants-Montjuïc,13,la Marina de Port,61,3027,51
2024,3,Sants-Montjuïc,13,la Marina de Port,61,3028,117
2024,3,Sants-Montjuïc,13,la Marina de Port,61,3029,35
2024,3,Sants-Montjuïc,13,la Marina de Port,61,3030,69
2024,3,Sants-Montjuïc,13,la Marina de Port,62,3031,97
2024,3,Sants-Montjuïc,13,la Marina de Port,62,3032,82
2024,3,Sants-Montjuïc,13,la Marina de Port,62,3033,77
2024,3,Sants-Montjuïc,13,la Marina de Port,62,3034,60
2024,3,Sants-Montjuïc,13,la Marina de Port,62,3211,59
2024,3,Sants-Montjuïc,13,la Marina de Port,63,3035,91
2024,3,Sants-Montjuïc,13,la Marina de Port,63,3036,81
2024,3,Sants-Montjuïc,13,la Marina de Port,63,3037,33
2024,3,Sants-Montjuïc,13,la Marina de Port,63,3212,100
2024,3,Sants-Montjuïc,13,la Marina de Port,63,3213,119
2024,3,Sants-Montjuïc,13,la Marina de Port,64,3038,27
2024,3,Sants-Montjuïc,13,la Marina de Port,64,3039,86
2024,3,Sants-Montjuïc,14,la Font de la Guatlla,65,3040,125
2024,3,Sants-Montjuïc,14,la Font de la Guatlla,65,3041,97
2024,3,Sants-Montjuïc,14,la Font de la Guatlla,65,3042,61
2024,3,Sants-Montjuïc,14,la Font de la Guatlla,65,3043,77
2024,3,Sants-Montjuïc,14,la Font de la Guatlla,65,3044,94
2024,3,Sants-Montjuïc,14,la Font de la Guatlla,65,3045,35
2024,3,Sants-Montjuïc,14,la Font de la Guatlla,65,3046,77
2024,3,Sants-Montjuïc,15,Hostafrancs,66,3047,94
2024,3,Sants-Montjuïc,15,Hostafrancs,66,3048,66
2024,3,Sants-Montjuïc,15,Hostafrancs,66,3049,61
2024,3,Sants-Montjuïc,15,Hostafrancs,66,3050,72
2024,3,Sants-Montjuïc,15,Hostafrancs,67,3051,84
2024,3,Sants-Montjuïc,15,Hostafrancs,67,3052,57
2024,3,Sants-Montjuïc,15,Hostafrancs,67,3053,109
2024,3,Sants-Montjuïc,15,Hostafrancs,67,3054,67
2024,3,Sants-Montjuïc,15,Hostafrancs,67,3055,89
2024,3,Sants-Montjuïc,15,Hostafrancs,67,3056,45
2024,3,Sants-Montjuïc,16,la Bordeta,68,3057,69
2024,3,Sants-Montjuïc,16,la Bordeta,68,3058,74
2024,3,Sants-Montjuïc,16,la Bordeta,68,3059,65
2024,3,Sants-Montjuïc,16,la Bordeta,68,3060,51
2024,3,Sants-Montjuïc,16,la Bordeta,68,3061,46
2024,3,Sants-Montjuïc,16,la Bordeta,69,3062,59
2024,3,Sants-Montjuïc,16,la Bordeta,69,3063,84
2024,3,Sants-Montjuïc,16,la Bordeta,69,3064,115
2024,3,Sants-Montjuïc,16,la Bordeta,69,3065,52
2024,3,Sants-Montjuïc,16,la Bordeta,69,3066,107
2024,3,Sants-Montjuïc,16,la Bordeta,69,3067,65
2024,3,Sants-Montjuïc,16,la Bordeta,69,3068,57
2024,3,Sants-Montjuïc,16,la Bordeta,69,3069,62
2024,3,Sants-Montjuïc,17,Sants - Badal,70,3070,66
2024,3,Sants-Montjuïc,17,Sants - Badal,70,3071,94
2024,3,Sants-Montjuïc,17,Sants - Badal,70,3072,60
2024,3,Sants-Montjuïc,17,Sants - Badal,70,3073,95
2024,3,Sants-Montjuïc,17,Sants - Badal,70,3074,72
2024,3,Sants-Montjuïc,17,Sants - Badal,70,3075,77
2024,3,Sants-Montjuïc,17,Sants - Badal,70,3076,55
2024,3,Sants-Montjuïc,17,Sants - Badal,70,3077,85
2024,3,Sants-Montjuïc,17,Sants - Badal,70,3078,106
2024,3,Sants-Montjuïc,17,Sants - Badal,70,3079,131
2024,3,Sants-Montjuïc,17,Sants - Badal,70,3080,120
2024,3,Sants-Montjuïc,17,Sants - Badal,71,3081,89
2024,3,Sants-Montjuïc,17,Sants - Badal,71,3082,84
2024,3,Sants-Montjuïc,17,Sants - Badal,71,3083,71
2024,3,Sants-Montjuïc,17,Sants - Badal,71,3084,43
2024,3,Sants-Montjuïc,17,Sants - Badal,71,3085,76
2024,3,Sants-Montjuïc,18,Sants,72,3086,41
2024,3,Sants-Montjuïc,18,Sants,72,3087,79
2024,3,Sants-Montjuïc,18,Sants,72,3088,58
2024,3,Sants-Montjuïc,18,Sants,72,3089,45
2024,3,Sants-Montjuïc,18,Sants,72,3090,27
2024,3,Sants-Montjuïc,18,Sants,72,3091,51
2024,3,Sants-Montjuïc,18,Sants,72,3092,86
2024,3,Sants-Montjuïc,18,Sants,72,3093,55
2024,3,Sants-Montjuïc,18,Sants,72,3094,56
2024,3,Sants-Montjuïc,18,Sants,73,3095,61
2024,3,Sants-Montjuïc,18,Sants,73,3096,92
2024,3,Sants-Montjuïc,18,Sants,73,3097,109
2024,3,Sants-Montjuïc,18,Sants,73,3098,97
2024,3,Sants-Montjuïc,18,Sants,73,3099,48
2024,3,Sants-Montjuïc,18,Sants,73,3100,49
2024,3,Sants-Montjuïc,18,Sants,74,3101,769
2024,3,Sants-Montjuïc,18,Sants,74,3102,42
2024,3,Sants-Montjuïc,18,Sants,74,3103,36
2024,3,Sants-Montjuïc,18,Sants,74,3104,64
2024,3,Sants-Montjuïc,18,Sants,75,3105,70
2024,3,Sants-Montjuïc,18,Sants,75,3106,59
2024,3,Sants-Montjuïc,18,Sants,76,3107,76
2024,3,Sants-Montjuïc,18,Sants,76,3108,59
2024,3,Sants-Montjuïc,18,Sants,76,3109,93
2024,3,Sants-Montjuïc,18,Sants,76,3110,68
2024,3,Sants-Montjuïc,18,Sants,76,3111,36
2024,3,Sants-Montjuïc,18,Sants,76,3112,75
2024,3,Sants-Montjuïc,18,Sants,76,3113,60
2024,3,Sants-Montjuïc,18,Sants,76,3114,62
2024,4,Les Corts,19,les Corts,77,4001,56
2024,4,Les Corts,19,les Corts,77,4002,65
2024,4,Les Corts,19,les Corts,77,4003,32
2024,4,Les Corts,19,les Corts,77,4004,39
2024,4,Les Corts,19,les Corts,77,4005,40
2024,4,Les Corts,19,les Corts,77,4006,39
2024,4,Les Corts,19,les Corts,77,4007,44
2024,4,Les Corts,19,les Corts,77,4008,32
2024,4,Les Corts,19,les Corts,77,4009,55
2024,4,Les Corts,19,les Corts,78,4010,22
2024,4,Les Corts,19,les Corts,78,4011,49
2024,4,Les Corts,19,les Corts,78,4012,39
2024,4,Les Corts,19,les Corts,78,4013,52
2024,4,Les Corts,19,les Corts,78,4014,25
2024,4,Les Corts,19,les Corts,78,4015,55
2024,4,Les Corts,19,les Corts,78,4016,43
2024,4,Les Corts,19,les Corts,79,4017,42
2024,4,Les Corts,19,les Corts,79,4018,47
2024,4,Les Corts,19,les Corts,79,4019,42
2024,4,Les Corts,19,les Corts,79,4020,39
2024,4,Les Corts,19,les Corts,79,4021,61
2024,4,Les Corts,19,les Corts,80,4022,116
2024,4,Les Corts,19,les Corts,81,4023,37
2024,4,Les Corts,19,les Corts,81,4024,35
2024,4,Les Corts,19,les Corts,82,4025,37
2024,4,Les Corts,19,les Corts,82,4026,21
2024,4,Les Corts,19,les Corts,82,4027,46
2024,4,Les Corts,19,les Corts,83,4028,49
2024,4,Les Corts,19,les Corts,83,4029,39
2024,4,Les Corts,19,les Corts,83,4030,57
2024,4,Les Corts,19,les Corts,84,4031,146
2024,4,Les Corts,19,les Corts,84,4032,67
2024,4,Les Corts,19,les Corts,84,4033,38
2024,4,Les Corts,19,les Corts,84,4034,50
2024,4,Les Corts,19,les Corts,84,4035,54
2024,4,Les Corts,20,la Maternitat i Sant Ramon,85,4036,88
2024,4,Les Corts,20,la Maternitat i Sant Ramon,85,4037,81
2024,4,Les Corts,20,la Maternitat i Sant Ramon,85,4038,67
2024,4,Les Corts,20,la Maternitat i Sant Ramon,85,4039,51
2024,4,Les Corts,20,la Maternitat i Sant Ramon,85,4040,88
2024,4,Les Corts,20,la Maternitat i Sant Ramon,85,4041,116
2024,4,Les Corts,20,la Maternitat i Sant Ramon,85,4042,94
2024,4,Les Corts,20,la Maternitat i Sant Ramon,86,4043,80
2024,4,Les Corts,20,la Maternitat i Sant Ramon,86,4044,77
2024,4,Les Corts,20,la Maternitat i Sant Ramon,86,4045,83
2024,4,Les Corts,20,la Maternitat i Sant Ramon,86,4046,68
2024,4,Les Corts,20,la Maternitat i Sant Ramon,86,4047,88
2024,4,Les Corts,20,la Maternitat i Sant Ramon,87,4048,48
2024,4,Les Corts,20,la Maternitat i Sant Ramon,87,4049,49
2024,4,Les Corts,20,la Maternitat i Sant Ramon,87,4084,39
2024,4,Les Corts,21,Pedralbes,88,4050,90
2024,4,Les Corts,21,Pedralbes,88,4051,67
2024,4,Les Corts,21,Pedralbes,88,4052,55
2024,4,Les Corts,21,Pedralbes,89,4053,109
2024,4,Les Corts,21,Pedralbes,89,4054,37
2024,4,Les Corts,21,Pedralbes,90,4055,40
2024,4,Les Corts,21,Pedralbes,90,4056,67
2024,5,Sarrià-Sant Gervasi,22,"Vallvidrera, el Tibidabo i les Planes",91,5001,86
2024,5,Sarrià-Sant Gervasi,22,"Vallvidrera, el Tibidabo i les Planes",92,5002,64
2024,5,Sarrià-Sant Gervasi,22,"Vallvidrera, el Tibidabo i les Planes",92,5003,65
2024,5,Sarrià-Sant Gervasi,23,Sarrià,93,5004,36
2024,5,Sarrià-Sant Gervasi,23,Sarrià,93,5005,31
2024,5,Sarrià-Sant Gervasi,23,Sarrià,94,5006,52
2024,5,Sarrià-Sant Gervasi,23,Sarrià,95,5007,113
2024,5,Sarrià-Sant Gervasi,23,Sarrià,95,5008,43
2024,5,Sarrià-Sant Gervasi,23,Sarrià,95,5009,68
2024,5,Sarrià-Sant Gervasi,23,Sarrià,95,5010,42
2024,5,Sarrià-Sant Gervasi,23,Sarrià,95,5011,35
2024,5,Sarrià-Sant Gervasi,23,Sarrià,95,5012,42
2024,5,Sarrià-Sant Gervasi,23,Sarrià,95,5013,83
2024,5,Sarrià-Sant Gervasi,23,Sarrià,96,5014,34
2024,5,Sarrià-Sant Gervasi,23,Sarrià,96,5015,54
2024,5,Sarrià-Sant Gervasi,23,Sarrià,96,5016,62
2024,5,Sarrià-Sant Gervasi,23,Sarrià,96,5017,35
2024,5,Sarrià-Sant Gervasi,23,Sarrià,96,5018,51
2024,5,Sarrià-Sant Gervasi,23,Sarrià,96,5019,33
2024,5,Sarrià-Sant Gervasi,24,les Tres Torres,97,5020,46
2024,5,Sarrià-Sant Gervasi,24,les Tres Torres,97,5021,46
2024,5,Sarrià-Sant Gervasi,24,les Tres Torres,98,5022,53
2024,5,Sarrià-Sant Gervasi,24,les Tres Torres,98,5023,45
2024,5,Sarrià-Sant Gervasi,24,les Tres Torres,98,5024,80
2024,5,Sarrià-Sant Gervasi,24,les Tres Torres,99,5025,38
2024,5,Sarrià-Sant Gervasi,24,les Tres Torres,99,5026,45
2024,5,Sarrià-Sant Gervasi,24,les Tres Torres,99,5027,33
2024,5,Sarrià-Sant Gervasi,24,les Tres Torres,99,5028,67
2024,5,Sarrià-Sant Gervasi,24,les Tres Torres,99,5029,56
2024,5,Sarrià-Sant Gervasi,24,les Tres Torres,99,5030,28
2024,5,Sarrià-Sant Gervasi,25,Sant Gervasi - la Bonanova,100,5031,48
2024,5,Sarrià-Sant Gervasi,25,Sant Gervasi - la Bonanova,100,5032,51
2024,5,Sarrià-Sant Gervasi,25,Sant Gervasi - la Bonanova,101,5033,70
2024,5,Sarrià-Sant Gervasi,25,Sant Gervasi - la Bonanova,101,5034,35
2024,5,Sarrià-Sant Gervasi,25,Sant Gervasi - la Bonanova,102,5035,30
2024,5,Sarrià-Sant Gervasi,25,Sant Gervasi - la Bonanova,102,5036,61
2024,5,Sarrià-Sant Gervasi,25,Sant Gervasi - la Bonanova,102,5037,53
2024,5,Sarrià-Sant Gervasi,25,Sant Gervasi - la Bonanova,102,5038,61
2024,5,Sarrià-Sant Gervasi,25,Sant Gervasi - la Bonanova,102,5039,34
2024,5,Sarrià-Sant Gervasi,25,Sant Gervasi - la Bonanova,102,5040,55
2024,5,Sarrià-Sant Gervasi,25,Sant Gervasi - la Bonanova,102,5041,155
2024,5,Sarrià-Sant Gervasi,25,Sant Gervasi - la Bonanova,103,5042,41
2024,5,Sarrià-Sant Gervasi,25,Sant Gervasi - la Bonanova,103,5043,62
2024,5,Sarrià-Sant Gervasi,25,Sant Gervasi - la Bonanova,103,5044,35
2024,5,Sarrià-Sant Gervasi,25,Sant Gervasi - la Bonanova,103,5045,56
2024,5,Sarrià-Sant Gervasi,25,Sant Gervasi - la Bonanova,103,5046,23
2024,5,Sarrià-Sant Gervasi,25,Sant Gervasi - la Bonanova,103,5047,23
2024,5,Sarrià-Sant Gervasi,25,Sant Gervasi - la Bonanova,103,5048,39
2024,5,Sarrià-Sant Gervasi,26,Sant Gervasi - Galvany,104,5049,47
2024,5,Sarrià-Sant Gervasi,26,Sant Gervasi - Galvany,104,5050,51
2024,5,Sarrià-Sant Gervasi,26,Sant Gervasi - Galvany,104,5051,33
2024,5,Sarrià-Sant Gervasi,26,Sant Gervasi - Galvany,104,5052,36
2024,5,Sarrià-Sant Gervasi,26,Sant Gervasi - Galvany,105,5053,43
2024,5,Sarrià-Sant Gervasi,26,Sant Gervasi - Galvany,105,5054,21
2024,5,Sarrià-Sant Gervasi,26,Sant Gervasi - Galvany,105,5055,31
2024,5,Sarrià-Sant Gervasi,26,Sant Gervasi - Galvany,106,5056,27
2024,5,Sarrià-Sant Gervasi,26,Sant Gervasi - Galvany,106,5057,40
2024,5,Sarrià-Sant Gervasi,26,Sant Gervasi - Galvany,106,5058,44
2024,5,Sarrià-Sant Gervasi,26,Sant Gervasi - Galvany,106,5059,64
2024,5,Sarrià-Sant Gervasi,26,Sant Gervasi - Galvany,106,5060,35
2024,5,Sarrià-Sant Gervasi,26,Sant Gervasi - Galvany,107,5061,57
2024,5,Sarrià-Sant Gervasi,26,Sant Gervasi - Galvany,107,5062,45
2024,5,Sarrià-Sant Gervasi,26,Sant Gervasi - Galvany,107,5063,48
2024,5,Sarrià-Sant Gervasi,26,Sant Gervasi - Galvany,107,5064,53
2024,5,Sarrià-Sant Gervasi,26,Sant Gervasi - Galvany,107,5065,36
2024,5,Sarrià-Sant Gervasi,26,Sant Gervasi - Galvany,108,5066,31
2024,5,Sarrià-Sant Gervasi,26,Sant Gervasi - Galvany,108,5067,54
2024,5,Sarrià-Sant Gervasi,26,Sant Gervasi - Galvany,108,5068,53
2024,5,Sarrià-Sant Gervasi,26,Sant Gervasi - Galvany,108,5069,66
2024,5,Sarrià-Sant Gervasi,26,Sant Gervasi - Galvany,109,5070,52
2024,5,Sarrià-Sant Gervasi,26,Sant Gervasi - Galvany,109,5071,62
2024,5,Sarrià-Sant Gervasi,26,Sant Gervasi - Galvany,109,5072,53
2024,5,Sarrià-Sant Gervasi,26,Sant Gervasi - Galvany,109,5073,39
2024,5,Sarrià-Sant Gervasi,26,Sant Gervasi - Galvany,109,5074,41
2024,5,Sarrià-Sant Gervasi,26,Sant Gervasi - Galvany,110,5075,61
2024,5,Sarrià-Sant Gervasi,26,Sant Gervasi - Galvany,110,5076,71
2024,5,Sarrià-Sant Gervasi,26,Sant Gervasi - Galvany,110,5077,42
2024,5,Sarrià-Sant Gervasi,26,Sant Gervasi - Galvany,110,5078,59
2024,5,Sarrià-Sant Gervasi,26,Sant Gervasi - Galvany,110,5079,41
2024,5,Sarrià-Sant Gervasi,27,el Putxet i el Farró,111,5080,44
2024,5,Sarrià-Sant Gervasi,27,el Putxet i el Farró,111,5081,47
2024,5,Sarrià-Sant Gervasi,27,el Putxet i el Farró,111,5082,58
2024,5,Sarrià-Sant Gervasi,27,el Putxet i el Farró,111,5083,33
2024,5,Sarrià-Sant Gervasi,27,el Putxet i el Farró,111,5084,44
2024,5,Sarrià-Sant Gervasi,27,el Putxet i el Farró,111,5085,57
2024,5,Sarrià-Sant Gervasi,27,el Putxet i el Farró,111,5086,34
2024,5,Sarrià-Sant Gervasi,27,el Putxet i el Farró,111,5087,71
2024,5,Sarrià-Sant Gervasi,27,el Putxet i el Farró,112,5088,56
2024,5,Sarrià-Sant Gervasi,27,el Putxet i el Farró,112,5089,71
2024,5,Sarrià-Sant Gervasi,27,el Putxet i el Farró,112,5090,70
2024,5,Sarrià-Sant Gervasi,27,el Putxet i el Farró,112,5091,48
2024,5,Sarrià-Sant Gervasi,27,el Putxet i el Farró,112,5092,58
2024,5,Sarrià-Sant Gervasi,27,el Putxet i el Farró,113,5093,39
2024,5,Sarrià-Sant Gervasi,27,el Putxet i el Farró,113,5094,106
2024,5,Sarrià-Sant Gervasi,27,el Putxet i el Farró,113,5095,61
2024,5,Sarrià-Sant Gervasi,27,el Putxet i el Farró,113,5096,40
2024,5,Sarrià-Sant Gervasi,27,el Putxet i el Farró,113,5097,81
2024,5,Sarrià-Sant Gervasi,27,el Putxet i el Farró,113,5098,52
2024,6,Gràcia,28,Vallcarca i els Penitents,114,6001,51
2024,6,Gràcia,28,Vallcarca i els Penitents,114,6002,97
2024,6,Gràcia,28,Vallcarca i els Penitents,114,6003,82
2024,6,Gràcia,28,Vallcarca i els Penitents,114,6004,40
2024,6,Gràcia,28,Vallcarca i els Penitents,115,6006,24
2024,6,Gràcia,28,Vallcarca i els Penitents,115,6007,63
2024,6,Gràcia,28,Vallcarca i els Penitents,115,6008,92
2024,6,Gràcia,28,Vallcarca i els Penitents,116,6009,40
2024,6,Gràcia,28,Vallcarca i els Penitents,116,6010,33
2024,6,Gràcia,28,Vallcarca i els Penitents,117,6011,47
2024,6,Gràcia,28,Vallcarca i els Penitents,117,6012,30
2024,6,Gràcia,29,el Coll,118,6013,72
2024,6,Gràcia,29,el Coll,118,6014,31
2024,6,Gràcia,29,el Coll,118,6015,55
2024,6,Gràcia,29,el Coll,118,6016,80
2024,6,Gràcia,29,el Coll,118,6017,53
2024,6,Gràcia,30,la Salut,119,6018,58
2024,6,Gràcia,30,la Salut,119,6019,67
2024,6,Gràcia,30,la Salut,119,6020,60
2024,6,Gràcia,30,la Salut,119,6021,40
2024,6,Gràcia,30,la Salut,120,6022,60
2024,6,Gràcia,30,la Salut,120,6023,34
2024,6,Gràcia,30,la Salut,120,6024,49
2024,6,Gràcia,30,la Salut,120,6025,26
2024,6,Gràcia,30,la Salut,120,6026,37
2024,6,Gràcia,30,la Salut,120,6027,21
2024,6,Gràcia,31,la Vila de Gràcia,121,6028,49
2024,6,Gràcia,31,la Vila de Gràcia,121,6029,55
2024,6,Gràcia,31,la Vila de Gràcia,121,6030,71
2024,6,Gràcia,31,la Vila de Gràcia,121,6031,35
2024,6,Gràcia,31,la Vila de Gràcia,121,6032,48
2024,6,Gràcia,31,la Vila de Gràcia,122,6033,60
2024,6,Gràcia,31,la Vila de Gràcia,122,6034,25
2024,6,Gràcia,31,la Vila de Gràcia,122,6035,31
2024,6,Gràcia,31,la Vila de Gràcia,122,6036,53
2024,6,Gràcia,31,la Vila de Gràcia,123,6037,35
2024,6,Gràcia,31,la Vila de Gràcia,123,6038,62
2024,6,Gràcia,31,la Vila de Gràcia,123,6039,66
2024,6,Gràcia,31,la Vila de Gràcia,124,6040,83
2024,6,Gràcia,31,la Vila de Gràcia,124,6041,46
2024,6,Gràcia,31,la Vila de Gràcia,124,6042,59
2024,6,Gràcia,31,la Vila de Gràcia,125,6043,70
2024,6,Gràcia,31,la Vila de Gràcia,125,6044,74
2024,6,Gràcia,31,la Vila de Gràcia,126,6045,41
2024,6,Gràcia,31,la Vila de Gràcia,126,6046,35
2024,6,Gràcia,31,la Vila de Gràcia,126,6047,38
2024,6,Gràcia,31,la Vila de Gràcia,126,6048,63
2024,6,Gràcia,31,la Vila de Gràcia,127,6049,46
2024,6,Gràcia,31,la Vila de Gràcia,127,6050,44
2024,6,Gràcia,31,la Vila de Gràcia,127,6051,49
2024,6,Gràcia,31,la Vila de Gràcia,128,6052,30
2024,6,Gràcia,31,la Vila de Gràcia,128,6053,44
2024,6,Gràcia,31,la Vila de Gràcia,128,6054,60
2024,6,Gràcia,31,la Vila de Gràcia,129,6055,47
2024,6,Gràcia,31,la Vila de Gràcia,129,6056,69
2024,6,Gràcia,31,la Vila de Gràcia,129,6057,55
2024,6,Gràcia,31,la Vila de Gràcia,129,6058,80
2024,6,Gràcia,31,la Vila de Gràcia,129,6059,72
2024,6,Gràcia,31,la Vila de Gràcia,130,6060,71
2024,6,Gràcia,31,la Vila de Gràcia,130,6061,52
2024,6,Gràcia,31,la Vila de Gràcia,130,6062,39
2024,6,Gràcia,31,la Vila de Gràcia,130,6063,44
2024,6,Gràcia,32,el Camp d'en Grassot i Gràcia Nova,131,6064,65
2024,6,Gràcia,32,el Camp d'en Grassot i Gràcia Nova,131,6065,22
2024,6,Gràcia,32,el Camp d'en Grassot i Gràcia Nova,131,6066,24
2024,6,Gràcia,32,el Camp d'en Grassot i Gràcia Nova,131,6067,52
2024,6,Gràcia,32,el Camp d'en Grassot i Gràcia Nova,131,6068,57
2024,6,Gràcia,32,el Camp d'en Grassot i Gràcia Nova,131,6069,45
2024,6,Gràcia,32,el Camp d'en Grassot i Gràcia Nova,131,6070,79
2024,6,Gràcia,32,el Camp d'en Grassot i Gràcia Nova,132,6071,25
2024,6,Gràcia,32,el Camp d'en Grassot i Gràcia Nova,132,6072,71
2024,6,Gràcia,32,el Camp d'en Grassot i Gràcia Nova,132,6073,37
2024,6,Gràcia,32,el Camp d'en Grassot i Gràcia Nova,132,6074,37
2024,6,Gràcia,32,el Camp d'en Grassot i Gràcia Nova,132,6075,26
2024,6,Gràcia,32,el Camp d'en Grassot i Gràcia Nova,132,6076,39
2024,6,Gràcia,32,el Camp d'en Grassot i Gràcia Nova,133,6077,42
2024,6,Gràcia,32,el Camp d'en Grassot i Gràcia Nova,133,6078,58
2024,6,Gràcia,32,el Camp d'en Grassot i Gràcia Nova,133,6079,42
2024,6,Gràcia,32,el Camp d'en Grassot i Gràcia Nova,133,6080,27
2024,6,Gràcia,32,el Camp d'en Grassot i Gràcia Nova,133,6081,47
2024,6,Gràcia,32,el Camp d'en Grassot i Gràcia Nova,134,6082,234
2024,6,Gràcia,32,el Camp d'en Grassot i Gràcia Nova,134,6083,35
2024,6,Gràcia,32,el Camp d'en Grassot i Gràcia Nova,134,6084,52
2024,6,Gràcia,32,el Camp d'en Grassot i Gràcia Nova,134,6085,24
2024,6,Gràcia,32,el Camp d'en Grassot i Gràcia Nova,134,6086,24
2024,6,Gràcia,32,el Camp d'en Grassot i Gràcia Nova,134,6087,47
2024,6,Gràcia,32,el Camp d'en Grassot i Gràcia Nova,134,6088,40
2024,7,Horta-Guinardó,33,el Baix Guinardó,135,7001,36
2024,7,Horta-Guinardó,33,el Baix Guinardó,135,7002,29
2024,7,Horta-Guinardó,33,el Baix Guinardó,135,7003,59
2024,7,Horta-Guinardó,33,el Baix Guinardó,135,7004,62
2024,7,Horta-Guinardó,33,el Baix Guinardó,135,7005,65
2024,7,Horta-Guinardó,33,el Baix Guinardó,135,7006,18
2024,7,Horta-Guinardó,33,el Baix Guinardó,135,7007,33
2024,7,Horta-Guinardó,33,el Baix Guinardó,135,7008,45
2024,7,Horta-Guinardó,33,el Baix Guinardó,136,7009,52
2024,7,Horta-Guinardó,33,el Baix Guinardó,136,7010,56
2024,7,Horta-Guinardó,33,el Baix Guinardó,136,7011,47
2024,7,Horta-Guinardó,33,el Baix Guinardó,136,7012,62
2024,7,Horta-Guinardó,33,el Baix Guinardó,136,7013,42
2024,7,Horta-Guinardó,33,el Baix Guinardó,137,7014,52
2024,7,Horta-Guinardó,33,el Baix Guinardó,137,7015,43
2024,7,Horta-Guinardó,33,el Baix Guinardó,137,7016,37
2024,7,Horta-Guinardó,33,el Baix Guinardó,137,7017,60
2024,7,Horta-Guinardó,33,el Baix Guinardó,137,7018,61
2024,7,Horta-Guinardó,33,el Baix Guinardó,137,7019,63
2024,7,Horta-Guinardó,34,Can Baró,138,7020,81
2024,7,Horta-Guinardó,34,Can Baró,138,7021,33
2024,7,Horta-Guinardó,34,Can Baró,138,7022,48
2024,7,Horta-Guinardó,34,Can Baró,138,7023,60
2024,7,Horta-Guinardó,34,Can Baró,138,7024,64
2024,7,Horta-Guinardó,34,Can Baró,138,7025,64
2024,7,Horta-Guinardó,34,Can Baró,138,7026,41
2024,7,Horta-Guinardó,35,el Guinardó,139,7027,63
2024,7,Horta-Guinardó,35,el Guinardó,139,7028,62
2024,7,Horta-Guinardó,35,el Guinardó,139,7029,49
2024,7,Horta-Guinardó,35,el Guinardó,139,7030,54
2024,7,Horta-Guinardó,35,el Guinardó,140,7031,76
2024,7,Horta-Guinardó,35,el Guinardó,140,7032,39
2024,7,Horta-Guinardó,35,el Guinardó,140,7033,35
2024,7,Horta-Guinardó,35,el Guinardó,140,7034,56
2024,7,Horta-Guinardó,35,el Guinardó,140,7035,42
2024,7,Horta-Guinardó,35,el Guinardó,140,7036,42
2024,7,Horta-Guinardó,35,el Guinardó,140,7037,57
2024,7,Horta-Guinardó,35,el Guinardó,140,7038,36
2024,7,Horta-Guinardó,35,el Guinardó,141,7039,62
2024,7,Horta-Guinardó,35,el Guinardó,141,7040,60
2024,7,Horta-Guinardó,35,el Guinardó,141,7041,52
2024,7,Horta-Guinardó,35,el Guinardó,142,7042,73
2024,7,Horta-Guinardó,35,el Guinardó,142,7043,56
2024,7,Horta-Guinardó,35,el Guinardó,142,7044,41
2024,7,Horta-Guinardó,35,el Guinardó,142,7045,77
2024,7,Horta-Guinardó,35,el Guinardó,142,7046,52
2024,7,Horta-Guinardó,35,el Guinardó,143,7047,46
2024,7,Horta-Guinardó,35,el Guinardó,143,7048,43
2024,7,Horta-Guinardó,35,el Guinardó,143,7049,30
2024,7,Horta-Guinardó,35,el Guinardó,143,7050,50
2024,7,Horta-Guinardó,35,el Guinardó,143,7051,84
2024,7,Horta-Guinardó,36,la Font d'en Fargues,144,7052,26
2024,7,Horta-Guinardó,36,la Font d'en Fargues,144,7053,44
2024,7,Horta-Guinardó,36,la Font d'en Fargues,144,7054,50
2024,7,Horta-Guinardó,36,la Font d'en Fargues,145,7055,19
2024,7,Horta-Guinardó,36,la Font d'en Fargues,145,7056,28
2024,7,Horta-Guinardó,36,la Font d'en Fargues,145,7057,31
2024,7,Horta-Guinardó,36,la Font d'en Fargues,145,7058,46
2024,7,Horta-Guinardó,37,el Carmel,146,7059,47
2024,7,Horta-Guinardó,37,el Carmel,146,7060,78
2024,7,Horta-Guinardó,37,el Carmel,147,7061,30
2024,7,Horta-Guinardó,37,el Carmel,147,7062,43
2024,7,Horta-Guinardó,37,el Carmel,147,7063,48
2024,7,Horta-Guinardó,37,el Carmel,147,7064,77
2024,7,Horta-Guinardó,37,el Carmel,147,7065,94
2024,7,Horta-Guinardó,37,el Carmel,147,7066,56
2024,7,Horta-Guinardó,37,el Carmel,147,7067,58
2024,7,Horta-Guinardó,37,el Carmel,147,7068,47
2024,7,Horta-Guinardó,37,el Carmel,147,7069,60
2024,7,Horta-Guinardó,37,el Carmel,147,7070,72
2024,7,Horta-Guinardó,37,el Carmel,148,7071,47
2024,7,Horta-Guinardó,37,el Carmel,148,7072,62
2024,7,Horta-Guinardó,37,el Carmel,148,7073,30
2024,7,Horta-Guinardó,37,el Carmel,148,7074,40
2024,7,Horta-Guinardó,37,el Carmel,148,7075,62
2024,7,Horta-Guinardó,37,el Carmel,148,7076,24
2024,7,Horta-Guinardó,37,el Carmel,148,7077,44
2024,7,Horta-Guinardó,37,el Carmel,148,7078,60
2024,7,Horta-Guinardó,37,el Carmel,148,7079,53
2024,7,Horta-Guinardó,37,el Carmel,148,7080,48
2024,7,Horta-Guinardó,38,la Teixonera,149,7081,65
2024,7,Horta-Guinardó,38,la Teixonera,149,7082,49
2024,7,Horta-Guinardó,38,la Teixonera,149,7083,67
2024,7,Horta-Guinardó,38,la Teixonera,149,7084,47
2024,7,Horta-Guinardó,38,la Teixonera,149,7085,56
2024,7,Horta-Guinardó,38,la Teixonera,149,7086,87
2024,7,Horta-Guinardó,38,la Teixonera,149,7087,69
2024,7,Horta-Guinardó,38,la Teixonera,149,7088,82
2024,7,Horta-Guinardó,39,Sant Genís dels Agudells,150,7089,55
2024,7,Horta-Guinardó,39,Sant Genís dels Agudells,150,7090,75
2024,7,Horta-Guinardó,39,Sant Genís dels Agudells,150,7091,74
2024,7,Horta-Guinardó,39,Sant Genís dels Agudells,150,7092,64
2024,7,Horta-Guinardó,39,Sant Genís dels Agudells,150,7093,74
2024,7,Horta-Guinardó,40,Montbau,151,7094,49
2024,7,Horta-Guinardó,40,Montbau,151,7095,59
2024,7,Horta-Guinardó,40,Montbau,151,7096,59
2024,7,Horta-Guinardó,40,Montbau,151,7097,25
2024,7,Horta-Guinardó,41,la Vall d'Hebron,152,7098,36
2024,7,Horta-Guinardó,41,la Vall d'Hebron,152,7099,26
2024,7,Horta-Guinardó,41,la Vall d'Hebron,152,7100,35
2024,7,Horta-Guinardó,41,la Vall d'Hebron,152,7101,48
2024,7,Horta-Guinardó,42,la Clota,153,7102,28
2024,7,Horta-Guinardó,43,Horta,154,7103,81
2024,7,Horta-Guinardó,43,Horta,154,7104,35
2024,7,Horta-Guinardó,43,Horta,154,7105,27
2024,7,Horta-Guinardó,43,Horta,154,7106,22
2024,7,Horta-Guinardó,43,Horta,154,7107,20
2024,7,Horta-Guinardó,43,Horta,154,7108,38
2024,7,Horta-Guinardó,43,Horta,154,7109,70
2024,7,Horta-Guinardó,43,Horta,154,7110,37
2024,7,Horta-Guinardó,43,Horta,154,7111,14
2024,7,Horta-Guinardó,43,Horta,155,7112,32
2024,7,Horta-Guinardó,43,Horta,155,7113,32
2024,7,Horta-Guinardó,43,Horta,155,7114,36
2024,7,Horta-Guinardó,43,Horta,155,7115,31
2024,7,Horta-Guinardó,43,Horta,155,7116,31
2024,7,Horta-Guinardó,43,Horta,155,7117,467
2024,7,Horta-Guinardó,43,Horta,155,7118,35
2024,7,Horta-Guinardó,43,Horta,156,7119,36
2024,7,Horta-Guinardó,43,Horta,156,7120,48
2024,7,Horta-Guinardó,43,Horta,156,7121,48
2024,7,Horta-Guinardó,43,Horta,156,7122,25
2024,7,Horta-Guinardó,43,Horta,156,7123,59
2024,8,Nou Barris,44,Vilapicina i la Torre Llobeta,157,8001,41
2024,8,Nou Barris,44,Vilapicina i la Torre Llobeta,157,8002,36
2024,8,Nou Barris,44,Vilapicina i la Torre Llobeta,157,8003,29
2024,8,Nou Barris,44,Vilapicina i la Torre Llobeta,157,8004,58
2024,8,Nou Barris,44,Vilapicina i la Torre Llobeta,157,8005,41
2024,8,Nou Barris,44,Vilapicina i la Torre Llobeta,157,8006,83
2024,8,Nou Barris,44,Vilapicina i la Torre Llobeta,157,8007,17
2024,8,Nou Barris,44,Vilapicina i la Torre Llobeta,157,8008,46
2024,8,Nou Barris,44,Vilapicina i la Torre Llobeta,158,8009,48
2024,8,Nou Barris,44,Vilapicina i la Torre Llobeta,159,8010,28
2024,8,Nou Barris,44,Vilapicina i la Torre Llobeta,159,8011,26
2024,8,Nou Barris,44,Vilapicina i la Torre Llobeta,159,8012,52
2024,8,Nou Barris,44,Vilapicina i la Torre Llobeta,159,8013,40
2024,8,Nou Barris,44,Vilapicina i la Torre Llobeta,159,8014,39
2024,8,Nou Barris,44,Vilapicina i la Torre Llobeta,160,8015,54
2024,8,Nou Barris,44,Vilapicina i la Torre Llobeta,160,8016,46
2024,8,Nou Barris,44,Vilapicina i la Torre Llobeta,160,8017,38
2024,8,Nou Barris,44,Vilapicina i la Torre Llobeta,160,8018,72
2024,8,Nou Barris,44,Vilapicina i la Torre Llobeta,160,8019,53
2024,8,Nou Barris,45,Porta,161,8020,52
2024,8,Nou Barris,45,Porta,161,8021,37
2024,8,Nou Barris,45,Porta,161,8022,24
2024,8,Nou Barris,45,Porta,161,8023,44
2024,8,Nou Barris,45,Porta,161,8024,48
2024,8,Nou Barris,45,Porta,161,8025,57
2024,8,Nou Barris,45,Porta,161,8026,43
2024,8,Nou Barris,45,Porta,162,8027,59
2024,8,Nou Barris,45,Porta,162,8028,29
2024,8,Nou Barris,45,Porta,162,8029,34
2024,8,Nou Barris,45,Porta,162,8030,52
2024,8,Nou Barris,45,Porta,163,8031,31
2024,8,Nou Barris,45,Porta,163,8032,31
2024,8,Nou Barris,45,Porta,163,8033,47
2024,8,Nou Barris,45,Porta,163,8034,41
2024,8,Nou Barris,45,Porta,163,8035,569
2024,8,Nou Barris,45,Porta,163,8036,92
2024,8,Nou Barris,45,Porta,163,8037,59
2024,8,Nou Barris,46,el Turó de la Peira,164,8038,80
2024,8,Nou Barris,46,el Turó de la Peira,164,8039,50
2024,8,Nou Barris,46,el Turó de la Peira,164,8040,75
2024,8,Nou Barris,46,el Turó de la Peira,164,8041,116
2024,8,Nou Barris,46,el Turó de la Peira,164,8042,29
2024,8,Nou Barris,46,el Turó de la Peira,164,8043,27
2024,8,Nou Barris,46,el Turó de la Peira,165,8044,68
2024,8,Nou Barris,46,el Turó de la Peira,165,8045,71
2024,8,Nou Barris,46,el Turó de la Peira,165,8046,58
2024,8,Nou Barris,46,el Turó de la Peira,165,8047,71
2024,8,Nou Barris,47,Can Peguera,166,8048,19
2024,8,Nou Barris,47,Can Peguera,166,8049,32
2024,8,Nou Barris,48,la Guineueta,167,8050,17
2024,8,Nou Barris,48,la Guineueta,167,8051,43
2024,8,Nou Barris,48,la Guineueta,167,8052,32
2024,8,Nou Barris,48,la Guineueta,167,8053,27
2024,8,Nou Barris,48,la Guineueta,167,8054,37
2024,8,Nou Barris,48,la Guineueta,167,8055,44
2024,8,Nou Barris,48,la Guineueta,167,8215,53
2024,8,Nou Barris,48,la Guineueta,168,8056,36
2024,8,Nou Barris,48,la Guineueta,168,8057,29
2024,8,Nou Barris,48,la Guineueta,168,8058,51
2024,8,Nou Barris,48,la Guineueta,168,8059,31
2024,8,Nou Barris,49,Canyelles,169,8060,34
2024,8,Nou Barris,49,Canyelles,169,8061,26
2024,8,Nou Barris,49,Canyelles,169,8062,25
2024,8,Nou Barris,49,Canyelles,169,8063,27
2024,8,Nou Barris,49,Canyelles,169,8064,54
2024,8,Nou Barris,50,les Roquetes,170,8065,59
2024,8,Nou Barris,50,les Roquetes,170,8066,90
2024,8,Nou Barris,50,les Roquetes,170,8067,75
2024,8,Nou Barris,50,les Roquetes,170,8068,88
2024,8,Nou Barris,50,les Roquetes,170,8069,63
2024,8,Nou Barris,50,les Roquetes,171,8070,52
2024,8,Nou Barris,50,les Roquetes,171,8071,95
2024,8,Nou Barris,50,les Roquetes,171,8072,25
2024,8,Nou Barris,50,les Roquetes,171,8073,109
2024,8,Nou Barris,50,les Roquetes,171,8074,72
2024,8,Nou Barris,51,Verdun,172,8075,68
2024,8,Nou Barris,51,Verdun,172,8076,67
2024,8,Nou Barris,51,Verdun,172,8077,34
2024,8,Nou Barris,51,Verdun,173,8078,77
2024,8,Nou Barris,51,Verdun,173,8079,64
2024,8,Nou Barris,51,Verdun,173,8080,52
2024,8,Nou Barris,51,Verdun,173,8081,49
2024,8,Nou Barris,51,Verdun,173,8082,51
2024,8,Nou Barris,52,la Prosperitat,174,8083,56
2024,8,Nou Barris,52,la Prosperitat,174,8084,35
2024,8,Nou Barris,52,la Prosperitat,174,8085,60
2024,8,Nou Barris,52,la Prosperitat,174,8086,48
2024,8,Nou Barris,52,la Prosperitat,175,8087,40
2024,8,Nou Barris,52,la Prosperitat,175,8088,43
2024,8,Nou Barris,52,la Prosperitat,175,8089,49
2024,8,Nou Barris,52,la Prosperitat,175,8090,39
2024,8,Nou Barris,52,la Prosperitat,175,8091,42
2024,8,Nou Barris,52,la Prosperitat,176,8092,26
2024,8,Nou Barris,52,la Prosperitat,176,8093,54
2024,8,Nou Barris,52,la Prosperitat,176,8094,50
2024,8,Nou Barris,52,la Prosperitat,176,8095,19
2024,8,Nou Barris,52,la Prosperitat,177,8096,55
2024,8,Nou Barris,52,la Prosperitat,177,8097,44
2024,8,Nou Barris,52,la Prosperitat,177,8098,46
2024,8,Nou Barris,52,la Prosperitat,177,8099,49
2024,8,Nou Barris,52,la Prosperitat,177,8100,31
2024,8,Nou Barris,52,la Prosperitat,177,8101,38
2024,8,Nou Barris,52,la Prosperitat,177,8102,55
2024,8,Nou Barris,53,la Trinitat Nova,178,8103,69
2024,8,Nou Barris,53,la Trinitat Nova,178,8104,56
2024,8,Nou Barris,53,la Trinitat Nova,178,8105,65
2024,8,Nou Barris,53,la Trinitat Nova,178,8106,47
2024,8,Nou Barris,53,la Trinitat Nova,178,8107,73
2024,8,Nou Barris,54,Torre Baró,179,8108,76
2024,8,Nou Barris,54,Torre Baró,179,8109,29
2024,8,Nou Barris,55,Ciutat Meridiana,180,8110,102
2024,8,Nou Barris,55,Ciutat Meridiana,180,8111,92
2024,8,Nou Barris,55,Ciutat Meridiana,180,8112,75
2024,8,Nou Barris,55,Ciutat Meridiana,180,8113,92
2024,8,Nou Barris,55,Ciutat Meridiana,180,8114,63
2024,8,Nou Barris,55,Ciutat Meridiana,180,8115,55
2024,8,Nou Barris,56,Vallbona,181,8116,46
2024,9,Sant Andreu,57,la Trinitat Vella,182,9001,114
2024,9,Sant Andreu,57,la Trinitat Vella,182,9002,114
2024,9,Sant Andreu,57,la Trinitat Vella,182,9003,98
2024,9,Sant Andreu,57,la Trinitat Vella,182,9004,77
2024,9,Sant Andreu,57,la Trinitat Vella,182,9005,57
2024,9,Sant Andreu,58,Baró de Viver,183,9006,62
2024,9,Sant Andreu,58,Baró de Viver,183,9007,60
2024,9,Sant Andreu,59,el Bon Pastor,184,9008,41
2024,9,Sant Andreu,59,el Bon Pastor,184,9009,66
2024,9,Sant Andreu,59,el Bon Pastor,185,9010,48
2024,9,Sant Andreu,59,el Bon Pastor,185,9011,60
2024,9,Sant Andreu,59,el Bon Pastor,185,9013,87
2024,9,Sant Andreu,59,el Bon Pastor,185,9014,377
2024,9,Sant Andreu,59,el Bon Pastor,185,9015,78
2024,9,Sant Andreu,60,Sant Andreu,186,9016,21
2024,9,Sant Andreu,60,Sant Andreu,186,9017,41
2024,9,Sant Andreu,60,Sant Andreu,186,9018,30
2024,9,Sant Andreu,60,Sant Andreu,186,9019,62
2024,9,Sant Andreu,60,Sant Andreu,186,9020,33
2024,9,Sant Andreu,60,Sant Andreu,186,9021,33
2024,9,Sant Andreu,60,Sant Andreu,186,9022,51
2024,9,Sant Andreu,60,Sant Andreu,186,9023,37
2024,9,Sant Andreu,60,Sant Andreu,187,9024,22
2024,9,Sant Andreu,60,Sant Andreu,187,9025,40
2024,9,Sant Andreu,60,Sant Andreu,187,9026,28
2024,9,Sant Andreu,60,Sant Andreu,187,9027,23
2024,9,Sant Andreu,60,Sant Andreu,188,9028,25
2024,9,Sant Andreu,60,Sant Andreu,188,9029,29
2024,9,Sant Andreu,60,Sant Andreu,188,9030,31
2024,9,Sant Andreu,60,Sant Andreu,188,9031,38
2024,9,Sant Andreu,60,Sant Andreu,189,9032,57
2024,9,Sant Andreu,60,Sant Andreu,189,9033,121
2024,9,Sant Andreu,60,Sant Andreu,190,9034,50
2024,9,Sant Andreu,60,Sant Andreu,190,9035,49
2024,9,Sant Andreu,60,Sant Andreu,190,9036,23
2024,9,Sant Andreu,60,Sant Andreu,190,9037,69
2024,9,Sant Andreu,60,Sant Andreu,190,9038,49
2024,9,Sant Andreu,60,Sant Andreu,190,9039,47
2024,9,Sant Andreu,60,Sant Andreu,191,9040,51
2024,9,Sant Andreu,60,Sant Andreu,191,9041,51
2024,9,Sant Andreu,60,Sant Andreu,191,9042,35
2024,9,Sant Andreu,60,Sant Andreu,191,9043,51
2024,9,Sant Andreu,60,Sant Andreu,191,9044,79
2024,9,Sant Andreu,60,Sant Andreu,191,9045,32
2024,9,Sant Andreu,60,Sant Andreu,192,9046,28
2024,9,Sant Andreu,60,Sant Andreu,192,9047,59
2024,9,Sant Andreu,60,Sant Andreu,192,9048,36
2024,9,Sant Andreu,60,Sant Andreu,192,9049,48
2024,9,Sant Andreu,60,Sant Andreu,192,9050,39
2024,9,Sant Andreu,60,Sant Andreu,192,9051,39
2024,9,Sant Andreu,60,Sant Andreu,192,9052,59
2024,9,Sant Andreu,60,Sant Andreu,192,9053,49
2024,9,Sant Andreu,60,Sant Andreu,192,9054,40
2024,9,Sant Andreu,61,la Sagrera,193,9055,98
2024,9,Sant Andreu,61,la Sagrera,193,9056,40
2024,9,Sant Andreu,61,la Sagrera,193,9057,77
2024,9,Sant Andreu,61,la Sagrera,193,9058,70
2024,9,Sant Andreu,61,la Sagrera,193,9059,44
2024,9,Sant Andreu,61,la Sagrera,193,9060,36
2024,9,Sant Andreu,61,la Sagrera,193,9156,58
2024,9,Sant Andreu,61,la Sagrera,194,9061,53
2024,9,Sant Andreu,61,la Sagrera,194,9062,56
2024,9,Sant Andreu,61,la Sagrera,195,9063,41
2024,9,Sant Andreu,61,la Sagrera,195,9064,36
2024,9,Sant Andreu,61,la Sagrera,195,9065,81
2024,9,Sant Andreu,61,la Sagrera,195,9066,51
2024,9,Sant Andreu,61,la Sagrera,195,9067,54
2024,9,Sant Andreu,61,la Sagrera,196,9068,38
2024,9,Sant Andreu,61,la Sagrera,196,9069,32
2024,9,Sant Andreu,61,la Sagrera,196,9070,75
2024,9,Sant Andreu,61,la Sagrera,196,9071,67
2024,9,Sant Andreu,61,la Sagrera,196,9072,69
2024,9,Sant Andreu,61,la Sagrera,196,9073,34
2024,9,Sant Andreu,62,el Congrés i els Indians,197,9074,44
2024,9,Sant Andreu,62,el Congrés i els Indians,197,9075,61
2024,9,Sant Andreu,62,el Congrés i els Indians,197,9076,54
2024,9,Sant Andreu,62,el Congrés i els Indians,197,9077,59
2024,9,Sant Andreu,62,el Congrés i els Indians,198,9078,49
2024,9,Sant Andreu,62,el Congrés i els Indians,198,9079,61
2024,9,Sant Andreu,62,el Congrés i els Indians,198,9080,51
2024,9,Sant Andreu,62,el Congrés i els Indians,198,9081,76
2024,9,Sant Andreu,62,el Congrés i els Indians,198,9082,69
2024,9,Sant Andreu,63,Navas,199,9083,48
2024,9,Sant Andreu,63,Navas,199,9084,50
2024,9,Sant Andreu,63,Navas,199,9085,64
2024,9,Sant Andreu,63,Navas,199,9086,47
2024,9,Sant Andreu,63,Navas,199,9087,41
2024,9,Sant Andreu,63,Navas,199,9088,72
2024,9,Sant Andreu,63,Navas,199,9089,39
2024,9,Sant Andreu,63,Navas,200,9090,51
2024,9,Sant Andreu,63,Navas,200,9091,78
2024,9,Sant Andreu,63,Navas,200,9092,58
2024,9,Sant Andreu,63,Navas,200,9093,58
2024,9,Sant Andreu,63,Navas,200,9094,86
2024,9,Sant Andreu,63,Navas,200,9095,60
2024,10,Sant Martí,64,el Camp de l'Arpa del Clot,201,10001,79
2024,10,Sant Martí,64,el Camp de l'Arpa del Clot,201,10002,75
2024,10,Sant Martí,64,el Camp de l'Arpa del Clot,201,10003,46
2024,10,Sant Martí,64,el Camp de l'Arpa del Clot,201,10004,76
2024,10,Sant Martí,64,el Camp de l'Arpa del Clot,201,10005,49
2024,10,Sant Martí,64,el Camp de l'Arpa del Clot,202,10006,61
2024,10,Sant Martí,64,el Camp de l'Arpa del Clot,202,10007,42
2024,10,Sant Martí,64,el Camp de l'Arpa del Clot,202,10008,74
2024,10,Sant Martí,64,el Camp de l'Arpa del Clot,202,10009,83
2024,10,Sant Martí,64,el Camp de l'Arpa del Clot,202,10010,90
2024,10,Sant Martí,64,el Camp de l'Arpa del Clot,202,10011,46
2024,10,Sant Martí,64,el Camp de l'Arpa del Clot,203,10012,71
2024,10,Sant Martí,64,el Camp de l'Arpa del Clot,203,10013,41
2024,10,Sant Martí,64,el Camp de l'Arpa del Clot,203,10014,78
2024,10,Sant Martí,64,el Camp de l'Arpa del Clot,203,10015,85
2024,10,Sant Martí,64,el Camp de l'Arpa del Clot,203,10016,41
2024,10,Sant Martí,64,el Camp de l'Arpa del Clot,203,10017,66
2024,10,Sant Martí,64,el Camp de l'Arpa del Clot,203,10018,75
2024,10,Sant Martí,64,el Camp de l'Arpa del Clot,204,10019,47
2024,10,Sant Martí,64,el Camp de l'Arpa del Clot,204,10020,50
2024,10,Sant Martí,64,el Camp de l'Arpa del Clot,204,10021,55
2024,10,Sant Martí,64,el Camp de l'Arpa del Clot,204,10022,39
2024,10,Sant Martí,64,el Camp de l'Arpa del Clot,204,10023,71
2024,10,Sant Martí,64,el Camp de l'Arpa del Clot,204,10024,52
2024,10,Sant Martí,64,el Camp de l'Arpa del Clot,204,10025,53
2024,10,Sant Martí,65,el Clot,205,10026,57
2024,10,Sant Martí,65,el Clot,205,10027,75
2024,10,Sant Martí,65,el Clot,205,10028,69
2024,10,Sant Martí,65,el Clot,205,10029,45
2024,10,Sant Martí,65,el Clot,205,10030,51
2024,10,Sant Martí,65,el Clot,205,10031,50
2024,10,Sant Martí,65,el Clot,206,10032,47
2024,10,Sant Martí,65,el Clot,206,10033,17
2024,10,Sant Martí,65,el Clot,206,10034,49
2024,10,Sant Martí,65,el Clot,206,10035,42
2024,10,Sant Martí,65,el Clot,206,10036,48
2024,10,Sant Martí,65,el Clot,206,10037,51
2024,10,Sant Martí,65,el Clot,206,10234,63
2024,10,Sant Martí,65,el Clot,207,10038,76
2024,10,Sant Martí,65,el Clot,207,10039,83
2024,10,Sant Martí,65,el Clot,207,10040,94
2024,10,Sant Martí,65,el Clot,207,10041,62
2024,10,Sant Martí,66,el Parc i la Llacuna del Poblenou,208,10042,95
2024,10,Sant Martí,66,el Parc i la Llacuna del Poblenou,208,10043,126
2024,10,Sant Martí,66,el Parc i la Llacuna del Poblenou,209,10044,54
2024,10,Sant Martí,66,el Parc i la Llacuna del Poblenou,209,10045,32
2024,10,Sant Martí,66,el Parc i la Llacuna del Poblenou,209,10046,31
2024,10,Sant Martí,66,el Parc i la Llacuna del Poblenou,209,10047,60
2024,10,Sant Martí,66,el Parc i la Llacuna del Poblenou,209,10048,40
2024,10,Sant Martí,66,el Parc i la Llacuna del Poblenou,209,10049,54
2024,10,Sant Martí,66,el Parc i la Llacuna del Poblenou,209,10050,33
2024,10,Sant Martí,67,la Vila Olímpica del Poblenou,210,10051,62
2024,10,Sant Martí,67,la Vila Olímpica del Poblenou,210,10052,79
2024,10,Sant Martí,67,la Vila Olímpica del Poblenou,210,10053,37
2024,10,Sant Martí,67,la Vila Olímpica del Poblenou,210,10054,27
2024,10,Sant Martí,67,la Vila Olímpica del Poblenou,211,10055,81
2024,10,Sant Martí,68,el Poblenou,212,10056,101
2024,10,Sant Martí,68,el Poblenou,212,10057,58
2024,10,Sant Martí,68,el Poblenou,212,10058,36
2024,10,Sant Martí,68,el Poblenou,213,10059,91
2024,10,Sant Martí,68,el Poblenou,213,10060,92
2024,10,Sant Martí,68,el Poblenou,213,10061,43
2024,10,Sant Martí,68,el Poblenou,213,10062,56
2024,10,Sant Martí,68,el Poblenou,214,10063,42
2024,10,Sant Martí,68,el Poblenou,214,10064,40
2024,10,Sant Martí,68,el Poblenou,214,10065,59
2024,10,Sant Martí,68,el Poblenou,214,10066,81
2024,10,Sant Martí,68,el Poblenou,214,10067,37
2024,10,Sant Martí,68,el Poblenou,214,10068,35
2024,10,Sant Martí,68,el Poblenou,215,10069,89
2024,10,Sant Martí,68,el Poblenou,215,10070,60
2024,10,Sant Martí,68,el Poblenou,215,10071,59
2024,10,Sant Martí,68,el Poblenou,215,10072,79
2024,10,Sant Martí,68,el Poblenou,215,10073,47
2024,10,Sant Martí,68,el Poblenou,215,10074,77
2024,10,Sant Martí,68,el Poblenou,215,10075,57
2024,10,Sant Martí,69,Diagonal Mar i el Front Marítim del Poblenou,216,10076,76
2024,10,Sant Martí,69,Diagonal Mar i el Front Marítim del Poblenou,216,10235,40
2024,10,Sant Martí,69,Diagonal Mar i el Front Marítim del Poblenou,216,10236,60
2024,10,Sant Martí,69,Diagonal Mar i el Front Marítim del Poblenou,217,10077,51
2024,10,Sant Martí,69,Diagonal Mar i el Front Marítim del Poblenou,217,10078,95
2024,10,Sant Martí,69,Diagonal Mar i el Front Marítim del Poblenou,217,10079,65
2024,10,Sant Martí,69,Diagonal Mar i el Front Marítim del Poblenou,218,10080,97
2024,10,Sant Martí,70,el Besòs i el Maresme,219,10081,115
2024,10,Sant Martí,70,el Besòs i el Maresme,219,10082,113
2024,10,Sant Martí,70,el Besòs i el Maresme,219,10083,115
2024,10,Sant Martí,70,el Besòs i el Maresme,219,10084,73
2024,10,Sant Martí,70,el Besòs i el Maresme,220,10085,143
2024,10,Sant Martí,70,el Besòs i el Maresme,220,10086,63
2024,10,Sant Martí,70,el Besòs i el Maresme,220,10087,85
2024,10,Sant Martí,70,el Besòs i el Maresme,220,10088,64
2024,10,Sant Martí,70,el Besòs i el Maresme,221,10089,644
2024,10,Sant Martí,70,el Besòs i el Maresme,222,10090,64
2024,10,Sant Martí,70,el Besòs i el Maresme,222,10091,87
2024,10,Sant Martí,70,el Besòs i el Maresme,222,10092,64
2024,10,Sant Martí,70,el Besòs i el Maresme,222,10093,60
2024,10,Sant Martí,71,Provençals del Poblenou,223,10094,171
2024,10,Sant Martí,71,Provençals del Poblenou,223,10095,46
2024,10,Sant Martí,71,Provençals del Poblenou,224,10096,53
2024,10,Sant Martí,71,Provençals del Poblenou,224,10097,39
2024,10,Sant Martí,71,Provençals del Poblenou,224,10098,42
2024,10,Sant Martí,71,Provençals del Poblenou,224,10099,21
2024,10,Sant Martí,71,Provençals del Poblenou,224,10100,41
2024,10,Sant Martí,71,Provençals del Poblenou,225,10101,88
2024,10,Sant Martí,71,Provençals del Poblenou,225,10102,86
2024,10,Sant Martí,71,Provençals del Poblenou,225,10103,72
2024,10,Sant Martí,71,Provençals del Poblenou,225,10104,45
2024,10,Sant Martí,71,Provençals del Poblenou,225,10237,36
2024,10,Sant Martí,72,Sant Martí de Provençals,226,10105,76
2024,10,Sant Martí,72,Sant Martí de Provençals,226,10106,16
2024,10,Sant Martí,72,Sant Martí de Provençals,226,10107,36
2024,10,Sant Martí,72,Sant Martí de Provençals,226,10108,63
2024,10,Sant Martí,72,Sant Martí de Provençals,226,10109,66
2024,10,Sant Martí,72,Sant Martí de Provençals,226,10110,67
2024,10,Sant Martí,72,Sant Martí de Provençals,227,10111,45
2024,10,Sant Martí,72,Sant Martí de Provençals,227,10112,44
2024,10,Sant Martí,72,Sant Martí de Provençals,227,10113,37
2024,10,Sant Martí,72,Sant Martí de Provençals,227,10114,65
2024,10,Sant Martí,72,Sant Martí de Provençals,228,10115,46
2024,10,Sant Martí,72,Sant Martí de Provençals,228,10116,58
2024,10,Sant Martí,72,Sant Martí de Provençals,228,10117,37
2024,10,Sant Martí,72,Sant Martí de Provençals,228,10118,18
2024,10,Sant Martí,72,Sant Martí de Provençals,228,10119,42
2024,10,Sant Martí,72,Sant Martí de Provençals,229,10120,67
2024,10,Sant Martí,72,Sant Martí de Provençals,229,10121,65
2024,10,Sant Martí,72,Sant Martí de Provençals,229,10122,35
2024,10,Sant Martí,73,la Verneda i la Pau,230,10123,33
2024,10,Sant Martí,73,la Verneda i la Pau,230,10124,30
2024,10,Sant Martí,73,la Verneda i la Pau,230,10125,37
2024,10,Sant Martí,73,la Verneda i la Pau,230,10126,28
2024,10,Sant Martí,73,la Verneda i la Pau,230,10127,30
2024,10,Sant Martí,73,la Verneda i la Pau,230,10128,34
2024,10,Sant Martí,73,la Verneda i la Pau,230,10129,38
2024,10,Sant Martí,73,la Verneda i la Pau,231,10130,49
2024,10,Sant Martí,73,la Verneda i la Pau,231,10131,23
2024,10,Sant Martí,73,la Verneda i la Pau,231,10132,42
2024,10,Sant Martí,73,la Verneda i la Pau,231,10133,79
2024,10,Sant Martí,73,la Verneda i la Pau,231,10134,49
2024,10,Sant Martí,73,la Verneda i la Pau,231,10135,58
2024,10,Sant Martí,73,la Verneda i la Pau,232,10136,62
2024,10,Sant Martí,73,la Verneda i la Pau,232,10137,46
2024,10,Sant Martí,73,la Verneda i la Pau,232,10138,161
2024,10,Sant Martí,73,la Verneda i la Pau,232,10139,77
2024,10,Sant Martí,73,la Verneda i la Pau,233,10140,71
2024,10,Sant Martí,73,la Verneda i la Pau,233,10141,44
2024,10,Sant Martí,73,la Verneda i la Pau,233,10142,53
2024,10,Sant Martí,73,la Verneda i la Pau,233,10143,74
